timeOpen;timeClose;timeHigh;timeLow;name;open;high;low;close;volume;marketCap;timestamp
"2024-11-19T00:00:00.000Z";"2024-11-19T23:59:59.999Z";"2024-11-19T19:15:00.000Z";"2024-11-19T00:03:00.000Z";"2781";90536.8115264555;94002.8701076919;90426.9853808707;92343.7920549007;74521048294.81;1826956673335;"2024-11-19T23:59:59.999Z"
"2024-11-18T00:00:00.000Z";"2024-11-18T23:59:59.999Z";"2024-11-18T16:03:00.000Z";"2024-11-18T14:00:00.000Z";"2781";89843.7154789328;92596.7889194348;89393.5905739655;90542.6439962666;75535775084.26;1791255587562.26;"2024-11-18T23:59:59.999Z"
"2024-11-17T00:00:00.000Z";"2024-11-17T23:59:59.999Z";"2024-11-17T09:11:00.000Z";"2024-11-17T22:06:00.000Z";"2781";90558.4631117088;91433.04050285;88741.6658321694;89845.8512088281;46350159305.48;1777526304284.46;"2024-11-17T23:59:59.999Z"
"2024-11-16T00:00:00.000Z";"2024-11-16T23:59:59.999Z";"2024-11-16T05:26:00.000Z";"2024-11-16T15:51:00.000Z";"2781";91064.3662256104;91763.9478843873;90094.2253690597;90558.4752358199;44333192813.6;1791535825197.71;"2024-11-16T23:59:59.999Z"
"2024-11-15T00:00:00.000Z";"2024-11-15T23:59:59.999Z";"2024-11-15T22:03:00.000Z";"2024-11-15T04:52:00.000Z";"2781";87284.1830981024;91868.744436111;87124.9008601843;91066.0069552759;78243109518.27;1801436194834.93;"2024-11-15T23:59:59.999Z"
"2024-11-14T00:00:00.000Z";"2024-11-14T23:59:59.999Z";"2024-11-14T14:34:00.000Z";"2024-11-14T23:42:00.000Z";"2781";90574.8820553752;91765.221369439;86682.8158227338;87250.4312745932;87616705247.88;1727562262252.15;"2024-11-14T23:59:59.999Z"
"2024-11-13T00:00:00.000Z";"2024-11-13T23:59:59.999Z";"2024-11-13T16:16:00.000Z";"2024-11-13T06:36:00.000Z";"2781";87929.9667732448;93434.3553403447;86256.9319678433;90584.1666733787;123559027868.7;1791737553113.66;"2024-11-13T23:59:59.999Z"
"2024-11-12T00:00:00.000Z";"2024-11-12T23:59:59.999Z";"2024-11-12T07:16:00.000Z";"2024-11-12T13:51:00.000Z";"2781";88705.5644865659;89956.882361506;85155.1115052484;87955.8098216397;133673285374.5;1739381625716.84;"2024-11-12T23:59:59.999Z"
"2024-11-11T00:00:00.000Z";"2024-11-11T23:59:59.999Z";"2024-11-11T23:25:00.000Z";"2024-11-11T00:13:00.000Z";"2781";80471.4131920498;89604.4978355824;80283.2476219227;88701.488084206;117966845037.02;1754682553469.65;"2024-11-11T23:59:59.999Z"
"2024-11-10T00:00:00.000Z";"2024-11-10T23:59:59.999Z";"2024-11-10T22:23:00.000Z";"2024-11-10T00:05:00.000Z";"2781";76775.5438015685;81474.4238878783;76565.429933246;80474.185602194;82570594494.54;1591750610705.99;"2024-11-10T23:59:59.999Z"
"2024-11-09T00:00:00.000Z";"2024-11-09T23:59:59.999Z";"2024-11-09T23:46:00.000Z";"2024-11-09T17:18:00.000Z";"2781";76556.1911313233;76932.7639895921;75773.788516772;76778.8677516165;29009480361.15;1518690764416.78;"2024-11-09T23:59:59.999Z"
"2024-11-08T00:00:00.000Z";"2024-11-08T23:59:59.999Z";"2024-11-08T19:49:00.000Z";"2024-11-08T03:05:00.000Z";"2781";75902.832566501;77252.7476648638;75648.741198608;76545.4766431325;55176858002.62;1514255354916.4;"2024-11-08T23:59:59.999Z"
"2024-11-07T00:00:00.000Z";"2024-11-07T23:59:59.999Z";"2024-11-07T20:23:00.000Z";"2024-11-07T06:15:00.000Z";"2781";75637.0849735144;76943.1180221876;74480.4193106694;75904.8584618969;63467654989.4;1501297989024.83;"2024-11-07T23:59:59.999Z"
"2024-11-06T00:00:00.000Z";"2024-11-06T23:59:59.999Z";"2024-11-06T20:58:00.000Z";"2024-11-06T00:04:00.000Z";"2781";69358.5019894605;76460.1533724237;69322.0318962876;75639.0779464884;118592653963;1496003893299.42;"2024-11-06T23:59:59.999Z"
"2024-11-05T00:00:00.000Z";"2024-11-05T23:59:59.999Z";"2024-11-05T16:36:00.000Z";"2024-11-05T01:36:00.000Z";"2781";67811.1743325914;70522.7868214104;67458.8696770123;69359.5661661779;46046889204.13;1371788058010.5;"2024-11-05T23:59:59.999Z"
"2024-11-04T00:00:00.000Z";"2024-11-04T23:59:59.999Z";"2024-11-04T03:02:00.000Z";"2024-11-04T21:55:00.000Z";"2781";68742.1346678016;69433.1764178494;66803.649995796;67811.5091418451;41184819348.33;1341156657449.22;"2024-11-04T23:59:59.999Z"
"2024-11-03T00:00:00.000Z";"2024-11-03T23:59:59.999Z";"2024-11-03T00:03:00.000Z";"2024-11-03T15:40:00.000Z";"2781";69296.3820562098;69361.6580037475;67482.5254366951;68741.1154919735;34868307655.18;1359535744745.29;"2024-11-03T23:59:59.999Z"
"2024-11-02T00:00:00.000Z";"2024-11-02T23:59:59.999Z";"2024-11-02T02:30:00.000Z";"2024-11-02T14:53:00.000Z";"2781";69486.0239046236;69867.3518537627;69033.7222580968;69289.276665623;18184612091.32;1370468034065.75;"2024-11-02T23:59:59.999Z"
"2024-11-01T00:00:00.000Z";"2024-11-01T23:59:59.999Z";"2024-11-01T14:31:00.000Z";"2024-11-01T02:12:00.000Z";"2781";70216.8969678825;71559.0165698806;68779.7003414485;69482.4698507967;49989795365.09;1374187711280.88;"2024-11-01T23:59:59.999Z"
"2024-10-31T00:00:00.000Z";"2024-10-31T23:59:59.999Z";"2024-10-31T10:55:00.000Z";"2024-10-31T20:57:00.000Z";"2781";72335.0440826332;72662.3097987825;69590.5028708254;70215.1856325839;40627912076.23;1388607599014.43;"2024-10-31T23:59:59.999Z"
"2024-10-30T00:00:00.000Z";"2024-10-30T23:59:59.999Z";"2024-10-30T21:05:00.000Z";"2024-10-30T13:46:00.000Z";"2781";72715.366485431;72905.2985200754;71411.7350339885;72339.5421808449;40646637831.37;1430461157910.81;"2024-10-30T23:59:59.999Z"
"2024-10-29T00:00:00.000Z";"2024-10-29T23:59:59.999Z";"2024-10-29T19:12:00.000Z";"2024-10-29T00:11:00.000Z";"2781";69910.0453659464;73577.2096582116;69729.9178301829;72720.4935748749;58541874401.85;1437942445619.61;"2024-10-29T23:59:59.999Z"
"2024-10-28T00:00:00.000Z";"2024-10-28T23:59:59.999Z";"2024-10-28T22:10:00.000Z";"2024-10-28T05:34:00.000Z";"2781";67922.6742726804;70212.2690406726;67535.1310128429;69907.7546738921;38799856657.22;1382358128595.11;"2024-10-28T23:59:59.999Z"
"2024-10-27T00:00:00.000Z";"2024-10-27T23:59:59.999Z";"2024-10-27T22:30:00.000Z";"2024-10-27T01:25:00.000Z";"2781";67023.4794186223;68221.3147408775;66847.223099558;67929.298795622;16721307878.1;1343230761707.59;"2024-10-27T23:59:59.999Z"
"2024-10-26T00:00:00.000Z";"2024-10-26T23:59:59.999Z";"2024-10-26T20:31:00.000Z";"2024-10-26T02:13:00.000Z";"2781";66628.7370038706;67317.9181596119;66360.5955044004;67014.6977283094;19588098156.32;1325286022321.48;"2024-10-26T23:59:59.999Z"
"2024-10-25T00:00:00.000Z";"2024-10-25T23:59:59.999Z";"2024-10-25T14:32:00.000Z";"2024-10-25T23:25:00.000Z";"2781";68165.2973724389;68722.1594927425;65521.7934506881;66642.4107304263;41469984305.66;1317385748797.48;"2024-10-25T23:59:59.999Z"
"2024-10-24T00:00:00.000Z";"2024-10-24T23:59:59.999Z";"2024-10-24T21:24:00.000Z";"2024-10-24T00:24:00.000Z";"2781";66653.7041571813;68798.9619867211;66454.0995567515;68161.053337619;31414428647.2;1347797865139.47;"2024-10-24T23:59:59.999Z"
"2024-10-23T00:00:00.000Z";"2024-10-23T23:59:59.999Z";"2024-10-23T00:01:00.000Z";"2024-10-23T18:21:00.000Z";"2781";67362.3744214737;67402.744623551;65188.0352924195;66432.1982471759;32263980353.23;1313495275869.46;"2024-10-23T23:59:59.999Z"
"2024-10-22T00:00:00.000Z";"2024-10-22T23:59:59.999Z";"2024-10-22T22:57:00.000Z";"2024-10-22T00:34:00.000Z";"2781";67360.7027255461;67801.5769977652;66581.3679788567;67361.4026645272;31808472565.82;1331842439476.36;"2024-10-22T23:59:59.999Z"
"2024-10-21T00:00:00.000Z";"2024-10-21T23:59:59.999Z";"2024-10-21T00:32:00.000Z";"2024-10-21T15:13:00.000Z";"2781";69002.0001468977;69462.7367822244;66829.8534677336;67367.8525561409;37498611780.2;1331798086167.27;"2024-10-21T23:59:59.999Z"
"2024-10-20T00:00:00.000Z";"2024-10-20T23:59:59.999Z";"2024-10-20T22:53:00.000Z";"2024-10-20T03:09:00.000Z";"2781";68364.1784603044;69359.0070607416;68105.7205055133;69001.7066212849;18975847518.28;1364212669154.26;"2024-10-20T23:59:59.999Z"
"2024-10-19T00:00:00.000Z";"2024-10-19T23:59:59.999Z";"2024-10-19T03:18:00.000Z";"2024-10-19T17:03:00.000Z";"2781";68418.9766619904;68668.0058104846;68024.6382348537;68362.7331098485;14443497907.64;1351535266982.96;"2024-10-19T23:59:59.999Z"
"2024-10-18T00:00:00.000Z";"2024-10-18T23:59:59.999Z";"2024-10-18T18:47:00.000Z";"2024-10-18T00:57:00.000Z";"2781";67419.1087252549;68969.7469240407;67177.818198958;68418.7890489052;36857165014.36;1352611490621.36;"2024-10-18T23:59:59.999Z"
"2024-10-17T00:00:00.000Z";"2024-10-17T23:59:59.999Z";"2024-10-17T00:38:00.000Z";"2024-10-17T13:37:00.000Z";"2781";67617.0795713375;67912.2076398065;66647.391211274;67399.8334924398;32790898510.76;1332816990035.49;"2024-10-17T23:59:59.999Z"
"2024-10-16T00:00:00.000Z";"2024-10-16T23:59:59.999Z";"2024-10-16T11:48:00.000Z";"2024-10-16T01:12:00.000Z";"2781";67042.4618218177;68375.2929488011;66758.7255092654;67612.7207776042;38195189533.82;1336696892492.18;"2024-10-16T23:59:59.999Z"
"2024-10-15T00:00:00.000Z";"2024-10-15T23:59:59.999Z";"2024-10-15T14:02:00.000Z";"2024-10-15T15:09:00.000Z";"2781";66050.3687270292;67881.6795865567;64809.1969471504;67041.1071653338;48863870878.62;1325307318851.9;"2024-10-15T23:59:59.999Z"
"2024-10-14T00:00:00.000Z";"2024-10-14T23:59:59.999Z";"2024-10-14T23:01:00.000Z";"2024-10-14T00:53:00.000Z";"2781";62848.3994880925;66482.4943857198;62442.1539998429;66046.1280687548;43706958055.79;1305664072036.41;"2024-10-14T23:59:59.999Z"
"2024-10-13T00:00:00.000Z";"2024-10-13T23:59:59.999Z";"2024-10-13T00:33:00.000Z";"2024-10-13T15:31:00.000Z";"2781";63192.9435754787;63272.6529630129;62035.6366902561;62851.3749169602;18177529689.88;1242341595990.99;"2024-10-13T23:59:59.999Z"
"2024-10-12T00:00:00.000Z";"2024-10-12T23:59:59.999Z";"2024-10-12T15:15:00.000Z";"2024-10-12T00:00:00.000Z";"2781";62444.6174061501;63448.7832440021;62443.2713529987;63193.0230702875;16744110885.86;1249123856891.37;"2024-10-12T23:59:59.999Z"
"2024-10-11T00:00:00.000Z";"2024-10-11T23:59:59.999Z";"2024-10-11T19:13:00.000Z";"2024-10-11T01:37:00.000Z";"2781";60275.4608346571;63400.8698799473;60046.125828387;62445.0886070974;30327141594.18;1234303474603.03;"2024-10-11T23:59:59.999Z"
"2024-10-10T00:00:00.000Z";"2024-10-10T23:59:59.999Z";"2024-10-10T12:03:00.000Z";"2024-10-10T18:27:00.000Z";"2781";60581.9296868773;61236.7231707069;58895.2078078197;60274.4980637861;30452813570.16;1191400599851.04;"2024-10-10T23:59:59.999Z"
"2024-10-09T00:00:00.000Z";"2024-10-09T23:59:59.999Z";"2024-10-09T05:58:00.000Z";"2024-10-09T20:56:00.000Z";"2781";62131.7261033116;62508.8357368894;60314.6143862386;60582.1009695389;27670982363.46;1197429647366.86;"2024-10-09T23:59:59.999Z"
"2024-10-08T00:00:00.000Z";"2024-10-08T23:59:59.999Z";"2024-10-08T14:03:00.000Z";"2024-10-08T19:16:00.000Z";"2781";62221.6451487376;63174.3062001171;61843.5636611283;62131.9678544148;28134475156.91;1228037977784.51;"2024-10-08T23:59:59.999Z"
"2024-10-07T00:00:00.000Z";"2024-10-07T23:59:59.999Z";"2024-10-07T14:25:00.000Z";"2024-10-07T23:01:00.000Z";"2781";62819.1093330048;64443.7064117964;62152.5517077403;62236.6593684009;34253562610.48;1229782194408.04;"2024-10-07T23:59:59.999Z"
"2024-10-06T00:00:00.000Z";"2024-10-06T23:59:59.999Z";"2024-10-06T19:31:00.000Z";"2024-10-06T04:43:00.000Z";"2781";62084.9865006411;62959.5685406335;61833.1500428486;62818.9544761374;14776233666.91;1241559389621.88;"2024-10-06T23:59:59.999Z"
"2024-10-05T00:00:00.000Z";"2024-10-05T23:59:59.999Z";"2024-10-05T13:13:00.000Z";"2024-10-05T03:04:00.000Z";"2781";62067.6104970553;62371.0236788776;61689.5811648998;62089.9484591443;13305410748.72;1227021845844.29;"2024-10-05T23:59:59.999Z"
"2024-10-04T00:00:00.000Z";"2024-10-04T23:59:59.999Z";"2024-10-04T20:56:00.000Z";"2024-10-04T00:55:00.000Z";"2781";60754.6251257523;62465.9907584451;60459.9398173621;62067.4774474519;29585472513.07;1226647958541.08;"2024-10-04T23:59:59.999Z"
"2024-10-03T00:00:00.000Z";"2024-10-03T23:59:59.999Z";"2024-10-03T04:01:00.000Z";"2024-10-03T13:19:00.000Z";"2781";60632.4862350431;61469.0371479302;59878.8034256844;60759.4013268768;36106447278.67;1200668382436.2;"2024-10-03T23:59:59.999Z"
"2024-10-02T00:00:00.000Z";"2024-10-02T23:59:59.999Z";"2024-10-02T16:08:00.000Z";"2024-10-02T19:47:00.000Z";"2781";60836.3246300866;62357.6867279553;59996.9473420048;60632.7862737945;40762722397.63;1198224649900.69;"2024-10-02T23:59:59.999Z"
"2024-10-01T00:00:00.000Z";"2024-10-01T23:59:59.999Z";"2024-10-01T07:40:00.000Z";"2024-10-01T20:42:00.000Z";"2781";63335.603583719;64110.9819990323;60189.278696888;60837.009700736;50220923499.58;1202222321937.7;"2024-10-01T23:59:59.999Z"
"2024-09-30T00:00:00.000Z";"2024-09-30T23:59:59.999Z";"2024-09-30T00:00:00.000Z";"2024-09-30T23:44:00.000Z";"2781";65634.6601298628;65635.052877058;62873.615868433;63329.4981294766;37112957474.81;1251461875405.87;"2024-09-30T23:59:59.999Z"
"2024-09-29T00:00:00.000Z";"2024-09-29T23:59:59.999Z";"2024-09-29T20:06:00.000Z";"2024-09-29T08:26:00.000Z";"2781";65888.8952714385;66069.3458132303;65450.0143671644;65635.3081461486;14788214574.54;1296984728119.06;"2024-09-29T23:59:59.999Z"
"2024-09-28T00:00:00.000Z";"2024-09-28T23:59:59.999Z";"2024-09-28T03:08:00.000Z";"2024-09-28T13:16:00.000Z";"2781";65792.1819476094;66255.5318744588;65458.034501538;65887.6487821282;15243637983.9;1301977287120.42;"2024-09-28T23:59:59.999Z"
"2024-09-27T00:00:00.000Z";"2024-09-27T23:59:59.999Z";"2024-09-27T14:39:00.000Z";"2024-09-27T03:07:00.000Z";"2781";65180.6651400747;66480.6947101072;64852.9910891431;65790.6616497344;32058813449.4;1300039501550.01;"2024-09-27T23:59:59.999Z"
"2024-09-26T00:00:00.000Z";"2024-09-26T23:59:59.999Z";"2024-09-26T17:08:00.000Z";"2024-09-26T01:39:00.000Z";"2781";63138.5484837603;65790.7954495908;62669.2684494504;65181.0206972443;36873129847.33;1287929596336.16;"2024-09-26T23:59:59.999Z"
"2024-09-25T00:00:00.000Z";"2024-09-25T23:59:59.999Z";"2024-09-25T01:41:00.000Z";"2024-09-25T23:44:00.000Z";"2781";64302.5912192468;64804.5031378147;62945.3765459511;63143.1459738721;25078377699.65;1247551422563.2;"2024-09-25T23:59:59.999Z"
"2024-09-24T00:00:00.000Z";"2024-09-24T23:59:59.999Z";"2024-09-24T22:58:00.000Z";"2024-09-24T02:15:00.000Z";"2781";63326.8412511456;64695.2154668874;62737.4179011372;64301.9672659429;29938335243.03;1270523906052.13;"2024-09-24T23:59:59.999Z"
"2024-09-23T00:00:00.000Z";"2024-09-23T23:59:59.999Z";"2024-09-23T03:28:00.000Z";"2024-09-23T00:17:00.000Z";"2781";63643.1020803622;64733.5576683482;62628.0786641199;63329.802386615;31400285425.2;1251214895782.2;"2024-09-23T23:59:59.999Z"
"2024-09-22T00:00:00.000Z";"2024-09-22T23:59:59.999Z";"2024-09-22T22:59:00.000Z";"2024-09-22T22:06:00.000Z";"2781";63396.8035525073;63993.4231033969;62440.726268076;63648.7098902519;20183348802.13;1257434508161.25;"2024-09-22T23:59:59.999Z"
"2024-09-21T00:00:00.000Z";"2024-09-21T23:59:59.999Z";"2024-09-21T23:51:00.000Z";"2024-09-21T05:08:00.000Z";"2781";63184.3412676027;63543.3601232398;62783.1053795212;63394.838742556;14408616220.03;1252541488640.3;"2024-09-21T23:59:59.999Z"
"2024-09-20T00:00:00.000Z";"2024-09-20T23:59:59.999Z";"2024-09-20T04:10:00.000Z";"2024-09-20T18:12:00.000Z";"2781";62941.4275952191;64119.530359621;62364.6065332085;63192.975082876;35177164222.14;1248317992550.81;"2024-09-20T23:59:59.999Z"
"2024-09-19T00:00:00.000Z";"2024-09-19T23:59:59.999Z";"2024-09-19T17:47:00.000Z";"2024-09-19T01:36:00.000Z";"2781";61651.1553381713;63872.4407220416;61609.8670214546;62940.456765714;42710252572.5;1243489914823.71;"2024-09-19T23:59:59.999Z"
"2024-09-18T00:00:00.000Z";"2024-09-18T23:59:59.999Z";"2024-09-18T23:58:00.000Z";"2024-09-18T16:06:00.000Z";"2781";60309.0018795135;61664.0673338615;59218.2524421004;61649.6787266514;40990702890.6;1217976155884.66;"2024-09-18T23:59:59.999Z"
"2024-09-17T00:00:00.000Z";"2024-09-17T23:59:59.999Z";"2024-09-17T15:22:00.000Z";"2024-09-17T01:01:00.000Z";"2781";58192.5093438557;61316.0913839546;57628.0717661941;60308.5375947655;38075570117.66;1191434667557.74;"2024-09-17T23:59:59.999Z"
"2024-09-16T00:00:00.000Z";"2024-09-16T23:59:59.999Z";"2024-09-16T00:05:00.000Z";"2024-09-16T17:13:00.000Z";"2781";59185.22685956;59205.5103578251;57501.3391727673;58192.5068714421;32032822113.39;1149595000633.19;"2024-09-16T23:59:59.999Z"
"2024-09-15T00:00:00.000Z";"2024-09-15T23:59:59.999Z";"2024-09-15T15:46:00.000Z";"2024-09-15T23:12:00.000Z";"2781";60000.7283175086;60381.9166672998;58696.3094180022;59182.8353338828;18120960866.97;1169182849928.94;"2024-09-15T23:59:59.999Z"
"2024-09-14T00:00:00.000Z";"2024-09-14T23:59:59.999Z";"2024-09-14T00:19:00.000Z";"2024-09-14T18:10:00.000Z";"2781";60569.1162343064;60656.7211280316;59517.8819333016;60005.1191557571;16428405496.29;1185265247315.9;"2024-09-14T23:59:59.999Z"
"2024-09-13T00:00:00.000Z";"2024-09-13T23:59:59.999Z";"2024-09-13T22:59:00.000Z";"2024-09-13T12:25:00.000Z";"2781";58130.3224813667;60648.0242696995;57650.111670673;60571.2991585945;32490528355.5;1196466210707.58;"2024-09-13T23:59:59.999Z"
"2024-09-12T00:00:00.000Z";"2024-09-12T23:59:59.999Z";"2024-09-12T14:35:00.000Z";"2024-09-12T00:00:00.000Z";"2781";57343.1725885899;58534.3583794247;57330.1007544746;58127.010836944;33835707948.72;1148268024284.08;"2024-09-12T23:59:59.999Z"
"2024-09-11T00:00:00.000Z";"2024-09-11T23:59:59.999Z";"2024-09-11T18:27:00.000Z";"2024-09-11T14:48:00.000Z";"2781";57650.2890706235;57991.3205126863;55567.3412852397;57343.1705364168;37049062671.53;1132692864304.88;"2024-09-11T23:59:59.999Z"
"2024-09-10T00:00:00.000Z";"2024-09-10T23:59:59.999Z";"2024-09-10T19:58:00.000Z";"2024-09-10T04:38:00.000Z";"2781";57020.0984145732;58029.9774360464;56419.4128526596;57648.7124094767;28857630506.88;1138738372572.7;"2024-09-10T23:59:59.999Z"
"2024-09-09T00:00:00.000Z";"2024-09-09T23:59:59.999Z";"2024-09-09T21:16:00.000Z";"2024-09-09T05:55:00.000Z";"2781";54851.8873519906;58041.1248561564;54598.4337284331;57019.5347575706;34618096173.33;1126266856954.79;"2024-09-09T23:59:59.999Z"
"2024-09-08T00:00:00.000Z";"2024-09-08T23:59:59.999Z";"2024-09-08T22:29:00.000Z";"2024-09-08T16:03:00.000Z";"2781";54147.9325654123;55300.8596875448;53653.7592211144;54841.5663542288;18268287531.02;1083415774482.94;"2024-09-08T23:59:59.999Z"
"2024-09-07T00:00:00.000Z";"2024-09-07T23:59:59.999Z";"2024-09-07T16:09:00.000Z";"2024-09-07T01:54:00.000Z";"2781";53949.0871537406;54838.1456716952;53740.0685364941;54139.6894492297;19061486526.14;1069483234366.22;"2024-09-07T23:59:59.999Z"
"2024-09-06T00:00:00.000Z";"2024-09-06T23:59:59.999Z";"2024-09-06T13:24:00.000Z";"2024-09-06T21:01:00.000Z";"2781";56160.189464975;56976.108907217;52598.6996623841;53948.7522426374;49361693566.14;1065529160549.42;"2024-09-06T23:59:59.999Z"
"2024-09-05T00:00:00.000Z";"2024-09-05T23:59:59.999Z";"2024-09-05T00:30:00.000Z";"2024-09-05T21:36:00.000Z";"2781";57971.7033213181;58300.5810225774;55712.4540885557;56160.4872644568;31030280656.27;1109173176845.09;"2024-09-05T23:59:59.999Z"
"2024-09-04T00:00:00.000Z";"2024-09-04T23:59:59.999Z";"2024-09-04T16:39:00.000Z";"2024-09-04T01:06:00.000Z";"2781";57430.3485733917;58511.5693214577;55673.162833355;57971.5408166853;35627680311.93;1144922067905.65;"2024-09-04T23:59:59.999Z"
"2024-09-03T00:00:00.000Z";"2024-09-03T23:59:59.999Z";"2024-09-03T02:16:00.000Z";"2024-09-03T23:59:00.000Z";"2781";59106.1912871102;59815.056946191;57425.1673117413;57431.0229886572;26666961052.67;1134203956918.77;"2024-09-03T23:59:59.999Z"
"2024-09-02T00:00:00.000Z";"2024-09-02T23:59:59.999Z";"2024-09-02T23:02:00.000Z";"2024-09-02T00:53:00.000Z";"2781";57326.967287785;59403.0697934676;57136.0264168139;59112.4795055389;27036454524.41;1167274281774.19;"2024-09-02T23:59:59.999Z"
"2024-09-01T00:00:00.000Z";"2024-09-01T23:59:59.999Z";"2024-09-01T00:17:00.000Z";"2024-09-01T23:19:00.000Z";"2781";58969.7994536059;59062.0708116667;57217.8238628753;57325.4876891906;24592449996.84;1132107052433.14;"2024-09-01T23:59:59.999Z"
"2024-08-31T00:00:00.000Z";"2024-08-31T23:59:59.999Z";"2024-08-31T00:34:00.000Z";"2024-08-31T17:52:00.000Z";"2781";59117.4795058185;59432.5919476527;58768.7839637053;58969.8983660431;12403470760.22;1164522862133.13;"2024-08-31T23:59:59.999Z"
"2024-08-30T00:00:00.000Z";"2024-08-30T23:59:59.999Z";"2024-08-30T12:31:00.000Z";"2024-08-30T16:28:00.000Z";"2781";59388.6018804972;59896.8875637952;57768.5300577066;59119.4747770124;32292756404.79;1167450891056.22;"2024-08-30T23:59:59.999Z"
"2024-08-29T00:00:00.000Z";"2024-08-29T23:59:59.999Z";"2024-08-29T15:35:00.000Z";"2024-08-29T22:10:00.000Z";"2781";59027.4683440286;61184.0806151523;58786.2269878956;59388.1808524122;32224990582.03;1172740960639.8;"2024-08-29T23:59:59.999Z"
"2024-08-28T00:00:00.000Z";"2024-08-28T23:59:59.999Z";"2024-08-28T10:00:00.000Z";"2024-08-28T16:24:00.000Z";"2781";59507.9246387341;60236.4480067382;57890.6769051017;59027.6265870301;40289564698.25;1165584605051.06;"2024-08-28T23:59:59.999Z"
"2024-08-27T00:00:00.000Z";"2024-08-27T23:59:59.999Z";"2024-08-27T01:36:00.000Z";"2024-08-27T22:16:00.000Z";"2781";62879.7084021583;63210.7951030461;58116.751326202;59504.1326827134;39103882197.72;1175040861567.76;"2024-08-27T23:59:59.999Z"
"2024-08-26T00:00:00.000Z";"2024-08-26T23:59:59.999Z";"2024-08-26T00:08:00.000Z";"2024-08-26T23:56:00.000Z";"2781";64342.2254421225;64489.7063803201;62849.5598236226;62880.6586542698;27682040631.48;1241593608804.03;"2024-08-26T23:59:59.999Z"
"2024-08-25T00:00:00.000Z";"2024-08-25T23:59:59.999Z";"2024-08-25T23:29:00.000Z";"2024-08-25T10:10:00.000Z";"2781";64176.3670669592;64996.4201037902;63833.5188951835;64333.5441834656;18827683555.12;1270273035259.48;"2024-08-25T23:59:59.999Z"
"2024-08-24T00:00:00.000Z";"2024-08-24T23:59:59.999Z";"2024-08-24T09:01:00.000Z";"2024-08-24T22:00:00.000Z";"2781";64103.8695897208;64513.7904970015;63619.9172143709;64178.9906500623;21430585163.21;1267143884943.4;"2024-08-24T23:59:59.999Z"
"2024-08-23T00:00:00.000Z";"2024-08-23T23:59:59.999Z";"2024-08-23T22:35:00.000Z";"2024-08-23T00:02:00.000Z";"2781";60380.9528602663;64947.0617611003;60372.0499574361;64094.3572066269;42530509233.24;1265681609173.33;"2024-08-23T23:59:59.999Z"
"2024-08-22T00:00:00.000Z";"2024-08-22T23:59:59.999Z";"2024-08-22T12:04:00.000Z";"2024-08-22T02:53:00.000Z";"2781";61168.315762736;61408.1075728165;59815.2549824794;60381.9124606776;27625734376.65;1192142090606.28;"2024-08-22T23:59:59.999Z"
"2024-08-21T00:00:00.000Z";"2024-08-21T23:59:59.999Z";"2024-08-21T20:06:00.000Z";"2024-08-21T01:23:00.000Z";"2781";59014.9876262709;61834.3507771778;58823.4436141467;61175.192009918;32731154072.02;1207652524160.56;"2024-08-21T23:59:59.999Z"
"2024-08-20T00:00:00.000Z";"2024-08-20T23:59:59.999Z";"2024-08-20T05:25:00.000Z";"2024-08-20T16:11:00.000Z";"2781";59493.4519675227;61396.3281000012;58610.8833682436;59012.7911526577;31613400007.92;1165118855138.42;"2024-08-20T23:59:59.999Z"
"2024-08-19T00:00:00.000Z";"2024-08-19T23:59:59.999Z";"2024-08-19T23:55:00.000Z";"2024-08-19T10:06:00.000Z";"2781";58480.7127277463;59612.6612546717;57864.7095096926;59493.4524821881;25911207712.1;1174536992004.58;"2024-08-19T23:59:59.999Z"
"2024-08-18T00:00:00.000Z";"2024-08-18T23:59:59.999Z";"2024-08-18T12:47:00.000Z";"2024-08-18T23:56:00.000Z";"2781";59468.1314945541;60262.7170016644;58445.4017198721;58483.9649819015;17740625837.21;1154518920582.08;"2024-08-18T23:59:59.999Z"
"2024-08-17T00:00:00.000Z";"2024-08-17T23:59:59.999Z";"2024-08-17T16:53:00.000Z";"2024-08-17T00:20:00.000Z";"2781";58893.530843348;59694.6689280267;58814.8313263298;59478.9710471953;13589684021.38;1173983398000.89;"2024-08-17T23:59:59.999Z"
"2024-08-16T00:00:00.000Z";"2024-08-16T23:59:59.999Z";"2024-08-16T19:33:00.000Z";"2024-08-16T01:23:00.000Z";"2781";57560.2733013763;59847.3583466111;57110.0193186318;58894.1041602173;29350938673.14;1162612186428.42;"2024-08-16T23:59:59.999Z"
"2024-08-15T00:00:00.000Z";"2024-08-15T23:59:59.999Z";"2024-08-15T16:32:00.000Z";"2024-08-15T20:57:00.000Z";"2781";58733.2629876225;59838.6486731405;56161.5928697264;57560.0976318307;35682112440.15;1136267308779.81;"2024-08-15T23:59:59.999Z"
"2024-08-14T00:00:00.000Z";"2024-08-14T23:59:59.999Z";"2024-08-14T12:31:00.000Z";"2024-08-14T22:05:00.000Z";"2781";60611.0500484466;61687.756592205;58472.8741300951;58737.2706270019;29961696179.78;1159393319243.89;"2024-08-14T23:59:59.999Z"
"2024-08-13T00:00:00.000Z";"2024-08-13T23:59:59.999Z";"2024-08-13T17:45:00.000Z";"2024-08-13T10:25:00.000Z";"2781";59356.2077843983;61572.3969722555;58506.2533734494;60609.5669845367;30327698167.09;1196435943982.72;"2024-08-13T23:59:59.999Z"
"2024-08-12T00:00:00.000Z";"2024-08-12T23:59:59.999Z";"2024-08-12T14:41:00.000Z";"2024-08-12T07:22:00.000Z";"2781";58719.3952192515;60680.3308127436;57688.8977269543;59354.5137212797;37078637820.19;1171638477214.27;"2024-08-12T23:59:59.999Z"
"2024-08-11T00:00:00.000Z";"2024-08-11T23:59:59.999Z";"2024-08-11T09:21:00.000Z";"2024-08-11T20:39:00.000Z";"2781";60944.8925563279;61778.6603733988;58348.8233421261;58719.483169327;22759754812.06;1159042118919.04;"2024-08-11T23:59:59.999Z"
"2024-08-10T00:00:00.000Z";"2024-08-10T23:59:59.999Z";"2024-08-10T00:24:00.000Z";"2024-08-10T04:16:00.000Z";"2781";60881.2294781478;61464.5116528916;60287.5665321098;60945.8131361053;15745822278.31;1202940345184.08;"2024-08-10T23:59:59.999Z"
"2024-08-09T00:00:00.000Z";"2024-08-09T23:59:59.999Z";"2024-08-09T00:01:00.000Z";"2024-08-09T14:37:00.000Z";"2781";61728.2089798276;61751.8644407637;59587.8597904934;60880.1122032153;33425553115.27;1201660191806.74;"2024-08-09T23:59:59.999Z"
"2024-08-08T00:00:00.000Z";"2024-08-08T23:59:59.999Z";"2024-08-08T23:01:00.000Z";"2024-08-08T00:40:00.000Z";"2781";55030.0290256907;62673.7639765565;54766.7284231449;61710.1375644501;45298472566.63;1218352191431.14;"2024-08-08T23:59:59.999Z"
"2024-08-07T00:00:00.000Z";"2024-08-07T23:59:59.999Z";"2024-08-07T10:35:00.000Z";"2024-08-07T22:24:00.000Z";"2781";56040.6321232278;57726.8810517744;54620.5095211427;55027.4606917867;41637562184.67;1086125591738.96;"2024-08-07T23:59:59.999Z"
"2024-08-06T00:00:00.000Z";"2024-08-06T23:59:59.999Z";"2024-08-06T18:18:00.000Z";"2024-08-06T00:00:00.000Z";"2781";53991.3475883934;57059.9186167572;53973.2722755542;56034.3165914605;49300484106.29;1106050307069.4;"2024-08-06T23:59:59.999Z"
"2024-08-05T00:00:00.000Z";"2024-08-05T23:59:59.999Z";"2024-08-05T00:07:00.000Z";"2024-08-05T06:25:00.000Z";"2781";58110.2984557763;58268.8274088694;49121.2373775943;53991.4577965042;108991085584.42;1065580794793.2;"2024-08-05T23:59:59.999Z"
"2024-08-04T00:00:00.000Z";"2024-08-04T23:59:59.999Z";"2024-08-04T02:35:00.000Z";"2024-08-04T17:45:00.000Z";"2781";60676.0941770946;61062.9895543501;57210.8033286504;58116.9769610403;31758917219.16;1146844860380.54;"2024-08-04T23:59:59.999Z"
"2024-08-03T00:00:00.000Z";"2024-08-03T23:59:59.999Z";"2024-08-03T12:41:00.000Z";"2024-08-03T21:08:00.000Z";"2781";61414.8084938627;62148.3717618854;59836.5273716364;60680.0946987796;31753030589.34;1197456370706.16;"2024-08-03T23:59:59.999Z"
"2024-08-02T00:00:00.000Z";"2024-08-02T23:59:59.999Z";"2024-08-02T00:20:00.000Z";"2024-08-02T22:59:00.000Z";"2781";65353.4984738177;65523.2235707569;61184.8931977399;61415.0645726852;43060875727.45;1212008164272.18;"2024-08-02T23:59:59.999Z"
"2024-08-01T00:00:00.000Z";"2024-08-01T23:59:59.999Z";"2024-08-01T22:27:00.000Z";"2024-08-01T17:47:00.000Z";"2781";64625.8404447144;65593.244771184;62248.9399911026;65357.5015625505;40975554493.51;1289712080281.71;"2024-08-01T23:59:59.999Z"
"2024-07-31T00:00:00.000Z";"2024-07-31T23:59:59.999Z";"2024-07-31T13:43:00.000Z";"2024-07-31T20:56:00.000Z";"2781";66201.2710774696;66810.2126924941;64532.0462977066;64619.2496492185;31292785993.69;1275323104043.98;"2024-07-31T23:59:59.999Z"
"2024-07-30T00:00:00.000Z";"2024-07-30T23:59:59.999Z";"2024-07-30T07:48:00.000Z";"2024-07-30T20:12:00.000Z";"2781";66819.0526575841;66987.6723080417;65323.1919785809;66201.0162264011;31380492109.35;1306384437839.03;"2024-07-30T23:59:59.999Z"
"2024-07-29T00:00:00.000Z";"2024-07-29T23:59:59.999Z";"2024-07-29T13:07:00.000Z";"2024-07-29T17:03:00.000Z";"2781";68259.0549329203;69987.5422080099;66532.5931101119;66819.9161863636;40780682628.04;1318540566549.27;"2024-07-29T23:59:59.999Z"
"2024-07-28T00:00:00.000Z";"2024-07-28T23:59:59.999Z";"2024-07-28T18:31:00.000Z";"2024-07-28T05:10:00.000Z";"2781";67808.655588481;68301.8541099212;67085.8281866684;68255.8657690205;18043166944.55;1346858598263.74;"2024-07-28T23:59:59.999Z"
"2024-07-27T00:00:00.000Z";"2024-07-27T23:59:59.999Z";"2024-07-27T14:05:00.000Z";"2024-07-27T20:26:00.000Z";"2781";67911.8142625278;69398.5113084796;66705.2195764852;67813.3394163313;34691905492.17;1338003104418.14;"2024-07-27T23:59:59.999Z"
"2024-07-26T00:00:00.000Z";"2024-07-26T23:59:59.999Z";"2024-07-26T21:50:00.000Z";"2024-07-26T00:03:00.000Z";"2781";65771.8104166052;68207.6000267291;65743.7694349242;67912.06309622;30488630457.22;1340006377389;"2024-07-26T23:59:59.999Z"
"2024-07-25T00:00:00.000Z";"2024-07-25T23:59:59.999Z";"2024-07-25T22:09:00.000Z";"2024-07-25T14:14:00.000Z";"2781";65375.8734846053;66112.4200353199;63473.4732846473;65777.2239400202;38315761669.6;1297746222202.46;"2024-07-25T23:59:59.999Z"
"2024-07-24T00:00:00.000Z";"2024-07-24T23:59:59.999Z";"2024-07-24T14:35:00.000Z";"2024-07-24T23:06:00.000Z";"2781";65927.8580751662;67113.9843132699;65146.9949755547;65372.1332336736;27470942308.81;1289901286822.95;"2024-07-24T23:59:59.999Z"
"2024-07-23T00:00:00.000Z";"2024-07-23T23:59:59.999Z";"2024-07-23T00:19:00.000Z";"2024-07-23T20:00:00.000Z";"2781";67584.8043545273;67779.0175541407;65484.4620810299;65927.6723614031;35605668665.85;1300762573330.26;"2024-07-23T23:59:59.999Z"
"2024-07-22T00:00:00.000Z";"2024-07-22T23:59:59.999Z";"2024-07-22T00:52:00.000Z";"2024-07-22T15:11:00.000Z";"2781";68152.9761329417;68480.0627910864;66611.2998683859;67585.2499720905;42649109453.15;1333416492641.59;"2024-07-22T23:59:59.999Z"
"2024-07-21T00:00:00.000Z";"2024-07-21T23:59:59.999Z";"2024-07-21T22:05:00.000Z";"2024-07-21T18:13:00.000Z";"2781";67164.9119218204;68372.9051655897;65842.298799547;68154.522905866;26652190003.57;1344591292880.38;"2024-07-21T23:59:59.999Z"
"2024-07-20T00:00:00.000Z";"2024-07-20T23:59:59.999Z";"2024-07-20T18:54:00.000Z";"2024-07-20T01:55:00.000Z";"2781";66709.9256150293;67610.7343734082;66299.6183732209;67163.6449237129;19029581249.82;1325061487221.58;"2024-07-20T23:59:59.999Z"
"2024-07-19T00:00:00.000Z";"2024-07-19T23:59:59.999Z";"2024-07-19T19:37:00.000Z";"2024-07-19T01:20:00.000Z";"2781";63972.3254992254;67442.6381157797;63329.3420254858;66710.1543130458;37003855409.78;1316050877556.13;"2024-07-19T23:59:59.999Z"
"2024-07-18T00:00:00.000Z";"2024-07-18T23:59:59.999Z";"2024-07-18T13:13:00.000Z";"2024-07-18T19:26:00.000Z";"2781";64104.7376791449;65104.6614189984;63246.1644386903;63974.0666841082;27239305336.94;1262047185003.48;"2024-07-18T23:59:59.999Z"
"2024-07-17T00:00:00.000Z";"2024-07-17T23:59:59.999Z";"2024-07-17T01:20:00.000Z";"2024-07-17T16:43:00.000Z";"2781";65091.8307087293;66066.7330274247;63896.0871928785;64118.7926694255;32525071310.74;1264876808968.35;"2024-07-17T23:59:59.999Z"
"2024-07-16T00:00:00.000Z";"2024-07-16T23:59:59.999Z";"2024-07-16T23:31:00.000Z";"2024-07-16T08:34:00.000Z";"2781";64784.4188428292;65354.3382001038;62487.9671099288;65097.1468308443;41617346767.84;1284144530410.43;"2024-07-16T23:59:59.999Z"
"2024-07-15T00:00:00.000Z";"2024-07-15T23:59:59.999Z";"2024-07-15T23:59:00.000Z";"2024-07-15T00:15:00.000Z";"2781";60815.4578978154;64870.1528151311;60704.9291986666;64870.1528151311;38094526099.38;1279638364954.2;"2024-07-15T23:59:59.999Z"
"2024-07-14T00:00:00.000Z";"2024-07-14T23:59:59.999Z";"2024-07-14T22:00:00.000Z";"2024-07-14T00:00:00.000Z";"2781";59225.2503987175;61329.5291439691;59225.2503987175;60787.7923701369;22223416060.82;1198755021571.63;"2024-07-14T23:59:59.999Z"
"2024-07-13T00:00:00.000Z";"2024-07-13T23:59:59.999Z";"2024-07-13T23:19:00.000Z";"2024-07-13T00:34:00.000Z";"2781";57908.7385440759;59787.078219519;57796.4424544948;59231.9532405648;17080061806.26;1168067978181;"2024-07-13T23:59:59.999Z"
"2024-07-12T00:00:00.000Z";"2024-07-12T23:59:59.999Z";"2024-07-12T18:51:00.000Z";"2024-07-12T01:27:00.000Z";"2781";57341.1949342451;58532.5530575507;56590.1744886772;57899.4655171113;25604805220.57;1141786144917.27;"2024-07-12T23:59:59.999Z"
"2024-07-11T00:00:00.000Z";"2024-07-11T23:59:59.999Z";"2024-07-11T12:34:00.000Z";"2024-07-11T03:22:00.000Z";"2781";57729.8908040311;59299.4342862437;57120.3775087818;57344.914785087;28707803842.25;1130840802043.28;"2024-07-11T23:59:59.999Z"
"2024-07-10T00:00:00.000Z";"2024-07-10T23:59:59.999Z";"2024-07-10T05:09:00.000Z";"2024-07-10T20:34:00.000Z";"2781";58033.8844856386;59359.4323917866;57178.4125249149;57742.4946206796;26175260525.73;1138673101575.64;"2024-07-10T23:59:59.999Z"
"2024-07-09T00:00:00.000Z";"2024-07-09T23:59:59.999Z";"2024-07-09T18:46:00.000Z";"2024-07-09T00:32:00.000Z";"2781";56704.5969356415;58239.1969981092;56316.8751540777;58009.2263162293;27849512607.28;1143927440649.47;"2024-07-09T23:59:59.999Z"
"2024-07-08T00:00:00.000Z";"2024-07-08T23:59:59.999Z";"2024-07-08T09:03:00.000Z";"2024-07-08T01:23:00.000Z";"2781";55849.5737694153;58131.3373014961;54321.0190639668;56705.0984270702;39766159898.66;1118206962401.32;"2024-07-08T23:59:59.999Z"
"2024-07-07T00:00:00.000Z";"2024-07-07T23:59:59.999Z";"2024-07-07T02:21:00.000Z";"2024-07-07T23:51:00.000Z";"2781";58239.4304736734;58371.1203868862;55793.3259432251;55849.1106386094;20553359505.21;1101324021018.89;"2024-07-07T23:59:59.999Z"
"2024-07-06T00:00:00.000Z";"2024-07-06T23:59:59.999Z";"2024-07-06T23:31:00.000Z";"2024-07-06T05:03:00.000Z";"2781";56659.075234024;58472.5487392065;56038.9616404155;58303.5385809166;20610320576.89;1149721701454.25;"2024-07-06T23:59:59.999Z"
"2024-07-05T00:00:00.000Z";"2024-07-05T23:59:59.999Z";"2024-07-05T00:51:00.000Z";"2024-07-05T04:20:00.000Z";"2781";57022.8092189746;57497.1514256945;53717.3754334207;56662.3732744795;55417544033.35;1117355596306.79;"2024-07-05T23:59:59.999Z"
"2024-07-04T00:00:00.000Z";"2024-07-04T23:59:59.999Z";"2024-07-04T00:42:00.000Z";"2024-07-04T13:45:00.000Z";"2781";60147.137642006;60399.6747732512;56777.8049467793;56977.7014590912;41149609229.76;1123568935037.48;"2024-07-04T23:59:59.999Z"
"2024-07-03T00:00:00.000Z";"2024-07-03T23:59:59.999Z";"2024-07-03T00:36:00.000Z";"2024-07-03T21:03:00.000Z";"2781";62034.3301365905;62187.7048428681;59419.3883912521;60173.9235814982;29756701684.52;1186592344846.68;"2024-07-03T23:59:59.999Z"
"2024-07-02T00:00:00.000Z";"2024-07-02T23:59:59.999Z";"2024-07-02T03:43:00.000Z";"2024-07-02T16:10:00.000Z";"2781";62844.4115540899;63203.3594480376;61752.7466366257;62029.0168101831;20151616991.74;1223171892635.89;"2024-07-02T23:59:59.999Z"
"2024-07-01T00:00:00.000Z";"2024-07-01T23:59:59.999Z";"2024-07-01T18:21:00.000Z";"2024-07-01T13:51:00.000Z";"2781";62673.6063386528;63777.227541783;62495.5101039097;62851.9800679276;25468379421.26;1239386428568.86;"2024-07-01T23:59:59.999Z"
"2024-06-30T00:00:00.000Z";"2024-06-30T23:59:59.999Z";"2024-06-30T23:01:00.000Z";"2024-06-30T05:23:00.000Z";"2781";60888.4455615606;62892.8271989797;60632.9504386712;62678.292079457;17333226408.92;1235944779945.39;"2024-06-30T23:59:59.999Z"
"2024-06-29T00:00:00.000Z";"2024-06-29T23:59:59.999Z";"2024-06-29T11:40:00.000Z";"2024-06-29T00:04:00.000Z";"2781";60319.8732021512;61097.621824376;60300.9651019716;60887.3808347422;12652903395.87;1200610071822.96;"2024-06-29T23:59:59.999Z"
"2024-06-28T00:00:00.000Z";"2024-06-28T23:59:59.999Z";"2024-06-28T01:40:00.000Z";"2024-06-28T20:00:00.000Z";"2781";61612.8057853413;62126.0965678871;59985.4042602081;60320.1355264783;24952866877.23;1189406366262.41;"2024-06-28T23:59:59.999Z"
"2024-06-27T00:00:00.000Z";"2024-06-27T23:59:59.999Z";"2024-06-27T14:15:00.000Z";"2024-06-27T06:48:00.000Z";"2781";60811.2270218847;62293.862003011;60585.3308067077;61604.801764073;21231745044.69;1214717875147.04;"2024-06-27T23:59:59.999Z"
"2024-06-26T00:00:00.000Z";"2024-06-26T23:59:59.999Z";"2024-06-26T02:18:00.000Z";"2024-06-26T19:14:00.000Z";"2781";61789.6754472311;62434.1365104004;60695.1868303097;60811.2784501874;22506003064.37;1199038781431.77;"2024-06-26T23:59:59.999Z"
"2024-06-25T00:00:00.000Z";"2024-06-25T23:59:59.999Z";"2024-06-25T19:04:00.000Z";"2024-06-25T00:01:00.000Z";"2781";60266.2830663474;62258.2613349935;60239.7483511623;61804.6411680707;29201215430.56;1218587029578.41;"2024-06-25T23:59:59.999Z"
"2024-06-24T00:00:00.000Z";"2024-06-24T23:59:59.999Z";"2024-06-24T01:59:00.000Z";"2024-06-24T20:31:00.000Z";"2781";63173.3527128475;63292.5271566001;58601.7000722967;60277.4146563769;43152133650.56;1188446806983.14;"2024-06-24T23:59:59.999Z"
"2024-06-23T00:00:00.000Z";"2024-06-23T23:59:59.999Z";"2024-06-23T01:05:00.000Z";"2024-06-23T23:59:00.000Z";"2781";64248.9631741494;64491.7032159382;63180.7982064002;63180.7982064002;11170471802.36;1245656822237.84;"2024-06-23T23:59:59.999Z"
"2024-06-22T00:00:00.000Z";"2024-06-22T23:59:59.999Z";"2024-06-22T08:03:00.000Z";"2024-06-22T00:42:00.000Z";"2781";64113.8649019506;64475.4704949018;63929.7570626844;64252.5787467441;9858198792.61;1266764455740.04;"2024-06-22T23:59:59.999Z"
"2024-06-21T00:00:00.000Z";"2024-06-21T23:59:59.999Z";"2024-06-21T02:05:00.000Z";"2024-06-21T13:52:00.000Z";"2781";64837.9875894116;65007.5463719616;63378.8947090325;64096.1981877808;26188171739.19;1263661931352.75;"2024-06-21T23:59:59.999Z"
"2024-06-20T00:00:00.000Z";"2024-06-20T23:59:59.999Z";"2024-06-20T11:32:00.000Z";"2024-06-20T16:25:00.000Z";"2781";64960.2953009057;66438.9638782359;64547.8493233898;64828.6558115702;25641109124.03;1278081520105.03;"2024-06-20T23:59:59.999Z"
"2024-06-19T00:00:00.000Z";"2024-06-19T23:59:59.999Z";"2024-06-19T04:16:00.000Z";"2024-06-19T20:20:00.000Z";"2781";65146.6591196714;65695.354178078;64693.3023002155;64960.2953009057;21103423504.4;1280662535002.41;"2024-06-19T23:59:59.999Z"
"2024-06-18T00:00:00.000Z";"2024-06-18T23:59:59.999Z";"2024-06-18T00:02:00.000Z";"2024-06-18T19:56:00.000Z";"2781";66490.9770080024;66556.6994239639;64066.9556655973;65140.7445894597;39481285949.68;1284195191637.24;"2024-06-18T23:59:59.999Z"
"2024-06-17T00:00:00.000Z";"2024-06-17T23:59:59.999Z";"2024-06-17T18:35:00.000Z";"2024-06-17T14:02:00.000Z";"2781";66636.5154989442;67188.3174738561;65094.964125938;66490.2941752674;30006354475.77;1310771374540.33;"2024-06-17T23:59:59.999Z"
"2024-06-16T00:00:00.000Z";"2024-06-16T23:59:59.999Z";"2024-06-16T22:10:00.000Z";"2024-06-16T04:28:00.000Z";"2781";66189.3577903179;66894.8412447438;66018.2491743433;66639.0465356994;13281140540.78;1313672583954.16;"2024-06-16T23:59:59.999Z"
"2024-06-15T00:00:00.000Z";"2024-06-15T23:59:59.999Z";"2024-06-15T15:21:00.000Z";"2024-06-15T20:21:00.000Z";"2781";66006.7402466095;66402.1873506642;65871.7760536484;66191.0004703788;14121265575.81;1304788441997.33;"2024-06-15T23:59:59.999Z"
"2024-06-14T00:00:00.000Z";"2024-06-14T23:59:59.999Z";"2024-06-14T13:35:00.000Z";"2024-06-14T17:06:00.000Z";"2781";66747.5695108031;67294.6510506943;65056.8930142447;66011.0937273263;27403884779.06;1301221571383.53;"2024-06-14T23:59:59.999Z"
"2024-06-13T00:00:00.000Z";"2024-06-13T23:59:59.999Z";"2024-06-13T00:55:00.000Z";"2024-06-13T16:03:00.000Z";"2781";68243.1044352463;68365.7836010418;66304.5656045762;66756.3970935791;28955204145.83;1315894956574.15;"2024-06-13T23:59:59.999Z"
"2024-06-12T00:00:00.000Z";"2024-06-12T23:59:59.999Z";"2024-06-12T14:35:00.000Z";"2024-06-12T01:43:00.000Z";"2781";67321.3741025823;69977.8905524666;66902.4550653939;68241.1840753497;34497940693.82;1345134120906.92;"2024-06-12T23:59:59.999Z"
"2024-06-11T00:00:00.000Z";"2024-06-11T23:59:59.999Z";"2024-06-11T00:04:00.000Z";"2024-06-11T15:45:00.000Z";"2781";69508.0797260822;69549.4167266658;66123.5991587769;67332.0304641765;37116136345.4;1327182056471.57;"2024-06-11T23:59:59.999Z"
"2024-06-10T00:00:00.000Z";"2024-06-10T23:59:59.999Z";"2024-06-10T15:55:00.000Z";"2024-06-10T09:32:00.000Z";"2781";69644.3127359651;70146.068326324;69232.4254462119;69512.2802780003;20597699540.57;1370130002868.6;"2024-06-10T23:59:59.999Z"
"2024-06-09T00:00:00.000Z";"2024-06-09T23:59:59.999Z";"2024-06-09T19:29:00.000Z";"2024-06-09T02:40:00.000Z";"2781";69297.4948168382;69817.5222964172;69160.8417439313;69647.9930028748;13534028500.18;1372773642949.49;"2024-06-09T23:59:59.999Z"
"2024-06-08T00:00:00.000Z";"2024-06-08T23:59:59.999Z";"2024-06-08T08:00:00.000Z";"2024-06-08T13:30:00.000Z";"2781";69324.1765468448;69533.316965574;69210.7415576629;69305.7743187653;14262185861.29;1365997475511.83;"2024-06-08T23:59:59.999Z"
"2024-06-07T00:00:00.000Z";"2024-06-07T23:59:59.999Z";"2024-06-07T12:17:00.000Z";"2024-06-07T18:15:00.000Z";"2781";70759.1844842714;71907.8489829092;68507.2609412725;69342.5867361146;36188381096.17;1366686633129.09;"2024-06-07T23:59:59.999Z"
"2024-06-06T00:00:00.000Z";"2024-06-06T23:59:59.999Z";"2024-06-06T15:29:00.000Z";"2024-06-06T20:03:00.000Z";"2781";71082.840431362;71625.7372487098;70119.1230339739;70757.1658518634;25223152007.14;1394552080469.43;"2024-06-06T23:59:59.999Z"
"2024-06-05T00:00:00.000Z";"2024-06-05T23:59:59.999Z";"2024-06-05T16:15:00.000Z";"2024-06-05T14:17:00.000Z";"2781";70568.3502921197;71735.4109799185;70390.7126911347;71082.8227040099;32810771409.33;1400900832469.81;"2024-06-05T23:59:59.999Z"
"2024-06-04T00:00:00.000Z";"2024-06-04T23:59:59.999Z";"2024-06-04T18:26:00.000Z";"2024-06-04T09:54:00.000Z";"2781";68804.5672232513;71047.4060137136;68564.6432212861;70567.7689044147;33149696544.76;1390743617174.58;"2024-06-04T23:59:59.999Z"
"2024-06-03T00:00:00.000Z";"2024-06-03T23:59:59.999Z";"2024-06-03T13:50:00.000Z";"2024-06-03T00:39:00.000Z";"2781";67753.8954139676;70230.8208497634;67589.8364154256;68804.7800851881;32401285323.51;1355956442572.83;"2024-06-03T23:59:59.999Z"
"2024-06-02T00:00:00.000Z";"2024-06-02T23:59:59.999Z";"2024-06-02T14:35:00.000Z";"2024-06-02T19:19:00.000Z";"2781";67710.270892225;68409.1658300424;67315.5263140881;67751.6025754618;17110588415.4;1335227914032.14;"2024-06-02T23:59:59.999Z"
"2024-06-01T00:00:00.000Z";"2024-06-01T23:59:59.999Z";"2024-06-01T22:27:00.000Z";"2024-06-01T01:41:00.000Z";"2781";67489.6117770498;67839.7683994728;67386.1976053803;67706.9373135869;11641495603.74;1334337260766.87;"2024-06-01T23:59:59.999Z"
"2024-05-31T00:00:00.000Z";"2024-05-31T23:59:59.999Z";"2024-05-31T12:39:00.000Z";"2024-05-31T16:20:00.000Z";"2781";68362.5159429005;68999.5652381306;66633.4183418303;67491.4170108375;27387283769.48;1329961627933.33;"2024-05-31T23:59:59.999Z"
"2024-05-30T00:00:00.000Z";"2024-05-30T23:59:59.999Z";"2024-05-30T17:57:00.000Z";"2024-05-30T08:25:00.000Z";"2781";67576.0878952647;69500.5427031068;67118.0774248017;68364.9895474297;29509712533.79;1347131845678.66;"2024-05-30T23:59:59.999Z"
"2024-05-29T00:00:00.000Z";"2024-05-29T23:59:59.999Z";"2024-05-29T02:30:00.000Z";"2024-05-29T20:10:00.000Z";"2781";68296.3481343617;68852.4633049161;67101.4943279545;67578.0929202265;26707072905.64;1331600056889.42;"2024-05-29T23:59:59.999Z"
"2024-05-28T00:00:00.000Z";"2024-05-28T23:59:59.999Z";"2024-05-28T01:38:00.000Z";"2024-05-28T18:41:00.000Z";"2781";69392.1967670435;69514.6393490426;67227.1543961515;68296.2219884276;32722265965.17;1345757548563.5;"2024-05-28T23:59:59.999Z"
"2024-05-27T00:00:00.000Z";"2024-05-27T23:59:59.999Z";"2024-05-27T16:20:00.000Z";"2024-05-27T11:41:00.000Z";"2781";68512.1802655161;70597.8795113327;68232.5011318297;69394.5533738668;25870990716.7;1367374775956.02;"2024-05-27T23:59:59.999Z"
"2024-05-26T00:00:00.000Z";"2024-05-26T23:59:59.999Z";"2024-05-26T08:16:00.000Z";"2024-05-26T21:33:00.000Z";"2781";69264.2852545858;69506.2285421786;68183.8928078913;68518.089965076;15628433736.91;1349968658779.99;"2024-05-26T23:59:59.999Z"
"2024-05-25T00:00:00.000Z";"2024-05-25T23:59:59.999Z";"2024-05-25T11:29:00.000Z";"2024-05-25T00:59:00.000Z";"2781";68526.9222212624;69579.3213302478;68515.8188292747;69265.9427381597;15473071741.05;1364748567456.59;"2024-05-25T23:59:59.999Z"
"2024-05-24T00:00:00.000Z";"2024-05-24T23:59:59.999Z";"2024-05-24T20:00:00.000Z";"2024-05-24T08:28:00.000Z";"2781";67928.1302862087;69220.293943924;66622.668678968;68526.0977735946;29197308152.62;1350188278440.89;"2024-05-24T23:59:59.999Z"
"2024-05-23T00:00:00.000Z";"2024-05-23T23:59:59.999Z";"2024-05-23T12:10:00.000Z";"2024-05-23T20:01:00.000Z";"2781";69121.3029390876;70041.2713763247;66356.9536254419;67929.5630390052;41895680979.35;1338341012691.15;"2024-05-23T23:59:59.999Z"
"2024-05-22T00:00:00.000Z";"2024-05-22T23:59:59.999Z";"2024-05-22T16:16:00.000Z";"2024-05-22T21:10:00.000Z";"2781";70135.3186263525;70623.6942738307;68977.691411907;69122.3390056842;32802561717.06;1361828325233.73;"2024-05-22T23:59:59.999Z"
"2024-05-21T00:00:00.000Z";"2024-05-21T23:59:59.999Z";"2024-05-21T00:20:00.000Z";"2024-05-21T19:35:00.000Z";"2781";71443.0634407286;71946.462688481;69191.1235320329;70136.5314428893;46932005990.29;1381774907494.93;"2024-05-21T23:59:59.999Z"